医院_事件原因分析,医院_事件原因分析描述
产品原因（包括说明书等）,使用频率高
产品原因（包括说明书等）,该设备离合器捏柄断裂
产品原因（包括说明书等）,设备推杆传感器故障。
产品原因（包括说明书等）,不确定
产品原因（包括说明书等）,经检查，发现是针筒推杆模块连接排线故障。
无法确定,推杆夹持器断裂，原因不详
产品原因（包括说明书等）,操作规范正确，出现泵速不准的情况，判定为产品自身原因
产品原因（包括说明书等）,获悉不良事件信息后，根据事件描述确认该问题为注射泵离合问题，设备科进行了追溯，未发现明显异常，对问题产生的原因进行查找并制定控制措施。
产品原因（包括说明书等）,使用频率高
产品原因（包括说明书等）,多考虑：1.产品本身存在缺陷？2.操作人员未按产品说明书对产品进行维护和保养？
产品原因（包括说明书等）,经器械科工程师检修发现电路板损坏，无维修价值申请报废处理。
产品原因（包括说明书等）,开机自检通过，但该设备按正常操作流程安装注射器后，无法设备注射器。设备报注射器脱落故障
无法确定,仪器老化，拉杆凹槽松动
产品原因（包括说明书等）,产品质量问题
产品原因（包括说明书等）,疑似产品质量缺陷
无法确定,卡夹无弹力
无法确定,注射泵系统故障
产品原因（包括说明书等）,电路板供电电池亏电
产品原因（包括说明书等）,操作规范正确，产品质量问题
无法确定,注射泵插头损坏
无法确定,检查后发现，电池失效
产品原因（包括说明书等）,设备故障
产品原因（包括说明书等）,注射泵离合器排线损坏导致发生离合未必报警
无法确定,开机报警，显示电池电量低，怀疑电池老化
产品原因（包括说明书等）,手柄不够坚固
产品原因（包括说明书等）,本院工程师在接到消息后，对注射泵进行排查，发现电源线N端（零线端）无反应，定为电源线故障导致。
产品原因（包括说明书等）,多次用力插拔导致插座内针脚变形
产品原因（包括说明书等）,疑似产品设计缺陷
产品原因（包括说明书等）,注射泵离合排线断裂导致设备报警：离合未闭
产品原因（包括说明书等）,内部电路控制排线故障
"操作原因,产品原因（包括说明书等）",
产品原因（包括说明书等）,注射泵故障
产品原因（包括说明书等）,
无法确定,主机故障
产品原因（包括说明书等）,注射泵屏幕故障。
产品原因（包括说明书等）,初步怀疑产品长期使用老化导致故障。
产品原因（包括说明书等）,不能正常开机
产品原因（包括说明书等）,经检测为压力传感器故障
产品原因（包括说明书等）,注射泵故障
产品原因（包括说明书等）,操作规范正确，产品质量问题
产品原因（包括说明书等）,注射泵传感器故障报错
产品原因（包括说明书等）,考虑是否接触不良
"产品原因（包括说明书等）,无法确定",怀疑该注射泵上通道喇叭故障，无提示音。
产品原因（包括说明书等）,蜂鸣器故障损坏
产品原因（包括说明书等）,注射泵系统故障报警，初步怀疑注射泵故障
产品原因（包括说明书等）,注射泵注射器固定架故障，固定架质量不佳
产品原因（包括说明书等）,操作规范正确，出现泵速不准的情况，判定为产品自身原因
无法确定,科室使用时报警离合未闭
产品原因（包括说明书等）,设备质量问题
无法确定,调节按键失灵
产品原因（包括说明书等）,机械故障导致注射泵自动调节速度
产品原因（包括说明书等）,由于齿轮卡住，导致系统报错
产品原因（包括说明书等）,设备报警系统故障
产品原因（包括说明书等）,设备质量问题
无法确定,原因不明无法确定
产品原因（包括说明书等）,产品质量问题
产品原因（包括说明书等）,注射泵针管夹传感器故障
产品原因（包括说明书等）,分析主板电池亏电
无法确定,设备年限增长，使用频率高，设备稳定性差。
无法确定,阻塞报警，怀疑管有阻塞或检测电路故障
无法确定,固定注射器的立杆损坏
产品原因（包括说明书等）,注射泵机芯齿轮卡住
无法确定,
产品原因（包括说明书等）,
产品原因（包括说明书等）,该设备插电开机无反应
产品原因（包括说明书等）,使用时发现气泡报警
产品原因（包括说明书等）,设备故障。
无法确定,怀疑推注电机故障
产品原因（包括说明书等）,经工程师现场维修判定，该设备电源线损坏，导致了设备无法通电使用。
产品原因（包括说明书等）,分析电路板故障
产品原因（包括说明书等）,"人（医护）：知识/经验不足-经验不足
机：医疗设备器材-发生故障；医疗设备器材-未定期检修"
无法确定,电位器故障？
无法确定,注射泵电池故障
产品原因（包括说明书等）,机器故障
产品原因（包括说明书等）,初步怀疑注射器识别错误，经过拆机后发现机器注射器识别杆断裂插入卡扣内，且页面识别传感器存在错位
产品原因（包括说明书等）,产品走速过快
产品原因（包括说明书等）,螺杆老化、滑丝。
产品原因（包括说明书等）,性能、功能故障：可能是电池老化所致。
产品原因（包括说明书等）,现场检查按键不灵是微动开关坏，
无法确定,仪器老化，电路板损坏，启动推杆系统损坏。
产品原因（包括说明书等）,开机报系统故障。压力传感器数值异常。
产品原因（包括说明书等）,可能由传感器故障导致。
产品原因（包括说明书等）,固定注射器的卡扣及卡座断掉脱落，设备无法工作
无法确定,无法确定
"产品原因（包括说明书等）,无法确定",注射泵卡扣损坏，考虑为个别产品内部配件质量存在问题
操作原因,检查发现固定注射器的卡塞内有污垢，分析是导致夹子卡死的原因。
产品原因（包括说明书等）,操作规范正确，出现泵速不准的情况，判定为产品自身原因
无法确定,无法确定
无法确定,科室在使用过程中发现注射泵下通道报警离合未闭
无法确定,科室在使用时发现注射泵上通道报警系统6故障
产品原因（包括说明书等）,操作规范正确，出现泵速不准的情况，判定为产品自身原因
无法确定,产品机械问题停止；护士操作不当；
产品原因（包括说明书等）,疑似产品质量缺陷
产品原因（包括说明书等）,"注液泵注速度控制异常,泵入药液过快"
无法确定,无法确定
无法确定,设备不显示，怀疑电源故障
产品原因（包括说明书等）,经判断为注射泵内部连线损坏，无法接触导通。
"产品原因（包括说明书等）,操作原因,无法确定",使用年限过长 护士力量多大
产品原因（包括说明书等）,
产品原因（包括说明书等）,威高注射泵的整体质量一般，各种问题频发
产品原因（包括说明书等）,注射器推进传感器故障
无法确定,设备使用频率过高，维修后正常使用
产品原因（包括说明书等）,电池故障
产品原因（包括说明书等）,微量泵夹子松动
产品原因（包括说明书等）,按运行键不能正常工作
产品原因（包括说明书等）,检查发现注射器夹子卡顿，分析是导致该通道不能运行的原因。
无法确定,报错系统故障1，无法使用，此类设备几台发生过此故障
产品原因（包括说明书等）,威高的注射泵频繁出现类似的故障
产品原因（包括说明书等）,经工程师现场维修判定，该设备喇叭故障导致了设备未报警提示发生。
产品原因（包括说明书等）,操作规范正确，出现压板断裂导致泵速不准的情况，判定为产品自身原因
产品原因（包括说明书等）,质量问题
"无法确定,产品原因（包括说明书等）",设备管理部工程师接报修后到达科室，对设备进行检查，需更换拉杆。
"产品原因（包括说明书等）,无法确定",微量泵屏幕报系统故障，不能使用，具体原因不明
产品原因（包括说明书等）,设备故障。
产品原因（包括说明书等）,操作规范正确，出现泵速不准的情况，判定为产品自身原因
产品原因（包括说明书等）,固定注射器的捏柄及推拉盒断掉脱落，设备无法工作
产品原因（包括说明书等）,固定注射器的捏柄及推拉盒断掉脱落，设备无法工作
产品原因（包括说明书等）,质量问题
无法确定,坑是产品内部线路原因，返厂进行检查
无法确定,无法确定
无法确定,无法确定
产品原因（包括说明书等）,推拉干损坏，无法使用
"产品原因（包括说明书等）,无法确定",注射泵2通道报警，显示系统故障
产品原因（包括说明书等）,质量问题、传感器故障
无法确定,离合失效
产品原因（包括说明书等）,经工程师检查发现注射泵通道内部排线断裂
无法确定,压力传感器故障
"产品原因（包括说明书等）,无法确定",初步判断为卡夹变形或破裂。
无法确定,屏幕连接排线松动
产品原因（包括说明书等）,设备报错“系统故障4”，一般为内部电路板接线故障。
无法确定,2025年2月26日护士进行设备维护时发现，该注射泵按下启动键后，没有回应
产品原因（包括说明书等）,立即报器械科维修组维修
"产品原因（包括说明书等）,无法确定,操作原因",注射器固定夹子损坏
无法确定,
产品原因（包括说明书等）,固定注射器的捏柄及推拉盒断掉脱落，设备无法工作
产品原因（包括说明书等）,产品质量问题。
产品原因（包括说明书等）,设备电源损坏
产品原因（包括说明书等）,现场检查推送杆夹持器断裂，
"产品原因（包括说明书等）,无法确定",初步判断为卡夹夹簧失效。
产品原因（包括说明书等）,疑似产品设计缺陷
无法确定,
"产品原因（包括说明书等）,操作原因","1、设备本身故障，导致无法工作；
2、未规范设备正确操作流程；"
无法确定,无法确定
产品原因（包括说明书等）,产品原因
产品原因（包括说明书等）,设备质量不佳
产品原因（包括说明书等）,获悉不良事件信息后，根据事件描述确认该问题为注射泵问题，设备科进行了追溯，未发现明显异常，对问题产生的原因进行查找并制定控制措施。
产品原因（包括说明书等）,产品质量不佳
产品原因（包括说明书等）,产品质量问题
无法确定,设备使用频繁，设备老化导致的断裂
无法确定,主板损坏
"产品原因（包括说明书等）,无法确定",
产品原因（包括说明书等）,注射泵在泵注过程中频繁报警，注射泵故障。
产品原因（包括说明书等）,注射泵拉杆传感器损坏
产品原因（包括说明书等）,仪器压力传感器问题；
产品原因（包括说明书等）,固定注射器的卡扣及卡座断掉脱落，设备无法工作
无法确定,设备老化导致电源按键失灵
产品原因（包括说明书等）,内部电路故障
产品原因（包括说明书等）,现场检查推送杆夹持器断裂，
"产品原因（包括说明书等）,无法确定",可能为排线松动
产品原因（包括说明书等）,报警器单元损坏
"产品原因（包括说明书等）,无法确定",
产品原因（包括说明书等）,设备故障。
无法确定,
产品原因（包括说明书等）,仪器故障
产品原因（包括说明书等）,注射泵拉杆传感器损坏
产品原因（包括说明书等）,拉杆连接的注射器传感器脱落，拉杆的杆座断裂
产品原因（包括说明书等）,"1：气泡传感器，压力传感器等可能因老化，污染或干扰而误触发报警
2：环境问题如温度湿度，存在电磁干扰影响操作正常进行"
产品原因（包括说明书等）,设备在运行两分钟后无故自行重启，科室更换新注射泵不影响治疗
"产品原因（包括说明书等）,无法确定",
产品原因（包括说明书等）,FPC线故障
无法确定,指脉氧测量故障
无法确定,不详
产品原因（包括说明书等）,操作规范正确，出现泵速不准的情况，判定为设备自身原因
产品原因（包括说明书等）,注射泵老化，杆卡涩失灵。
产品原因（包括说明书等）,设备背部电源线接口处 只有零线火线接头 两根线，无第三根地线设计，存在严重的漏电隐患，会导致漏电或者电源板烧毁故障发生。
产品原因（包括说明书等）,多考虑该产品存在质量缺陷
"产品原因（包括说明书等）,无法确定",怀疑卡子结构问题，导致看似注射器后退。重新校准进行检测。
"产品原因（包括说明书等）,无法确定",科室日常检查，发现该设备开机即报故障
无法确定,
产品原因（包括说明书等）,无法充电
产品原因（包括说明书等）,多考虑该产品存在质量缺陷
产品原因（包括说明书等）,多考虑该产品存在质量缺陷
产品原因（包括说明书等）,无法开关机
无法确定,原因不明，无法确定
产品原因（包括说明书等）,"机械内部问题：长时间使用可能导致注射泵的齿轮、传动带等机械部件磨损，影响注射泵的使用。
传感器故障：压力传感器或流量传感器出现问题"
产品原因（包括说明书等）,设备故障
无法确定,使用注射泵持续泵入生长抑素，发现注射泵无法打开，遂更换注射泵。
产品原因（包括说明书等）,26床，张学忠，男，57岁。主因呕血、黑粪1天入院。遵医嘱给予艾司奥美拉唑钠80mg泵入。N班护士巡视病房时发现液体在暂停，立即按压启动键时未显示，重新启动后仍处于暂停，立即重新更换注射泵，未对患者造成不良后果。
产品原因（包括说明书等）,按键损坏
产品原因（包括说明书等）,拆机检查夹持器内部发现有一连接齿轮损坏，造成夹持无法关联。
产品原因（包括说明书等）,拆机检查夹持器内部发现有一连接齿轮损坏，造成夹持无法关联。
无法确定,设备不灵敏
"产品原因（包括说明书等）,无法确定",可能为电机故障
产品原因（包括说明书等）,疑似质量缺陷
"产品原因（包括说明书等）,无法确定",初步判断为卡夹材质太脆导致易断裂。
"产品原因（包括说明书等）,无法确定",设备排线故障
产品原因（包括说明书等）,
无法确定,注射泵轨道上的卡扣可能松动导致注射器总弹出
产品原因（包括说明书等）,
产品原因（包括说明书等）,
产品原因（包括说明书等）,检查发现：除固定注射器的卡扣及卡座断掉脱落外，打开外壳后发现内部固定短电位器的拨叉也断裂了，需更换
产品原因（包括说明书等）,按键失灵导致无法调整剂量
"产品原因（包括说明书等）,无法确定",偶发故障或者其他原因
产品原因（包括说明书等）,输注时间没有按照规定的时间来完成，可能造成患儿身体的不适，有可能存在的原因是该设备使用年限较长，没有及时检修。
无法确定,考虑内部零件有损坏导致报警
产品原因（包括说明书等）,
产品原因（包括说明书等）,设备故障。
产品原因（包括说明书等）,质量问题
产品原因（包括说明书等）,该注射泵需要进行校准
无法确定,配件老化
产品原因（包括说明书等）,注射泵捏柄断裂
"患者自身原因,操作原因","流速过快，主要有以下几种情况
1.电路板故障,如导线脱落、导线错位、程序故障;
2.电机故障,如减速齿轮箱故障、有刷电机转向器损坏;
3.使用因素,如输注泵位置摆放过高或过低,压头不紧重力因
素导致药液流速加快、患者体位或自身疾病因素、自控追加次
数频率过快。"
产品原因（包括说明书等）,多考虑该产品存在质量问题
产品原因（包括说明书等）,该设备频发性事件，系质量原因
产品原因（包括说明书等）,最近威高注射泵经常性出现类似问题。
产品原因（包括说明书等）,注射泵拉杆断裂
产品原因（包括说明书等）,传感器排线故障
"产品原因（包括说明书等）,无法确定",设备电池亏损
"产品原因（包括说明书等）,无法确定",喇叭故障
产品原因（包括说明书等）,经工程师维修判定，该设备针筒夹子断裂，导致无法安装使用故障发生。
产品原因（包括说明书等）,疑似质量缺陷
产品原因（包括说明书等）,工程师维修判定，设备注射泵夹子损坏，导致无法完成推药。
产品原因（包括说明书等）,多考虑该产品存在质量问题
产品原因（包括说明书等）,可能是仪器内部电位器存在问题
无法确定,注射泵夹具损坏，无法固定在架子上
"产品原因（包括说明书等）,无法确定",喇叭损坏
无法确定,注射泵夹具损坏，无法固定在架子上
产品原因（包括说明书等）,设备传感器故障
"产品原因（包括说明书等）,无法确定",接头接触不良
无法确定,泵速不准确，设备故障
产品原因（包括说明书等）,仪器故障
产品原因（包括说明书等）,机器故障。
产品原因（包括说明书等）,疑似产品质量缺陷
"产品原因（包括说明书等）,无法确定",长时间未校准
产品原因（包括说明书等）,工程师维修判定，该设备推动杆夹子损坏导致设备故障的发生。
无法确定,注射泵开机后下通道报故障6，压力传感器无法调0
产品原因（包括说明书等）,蜂鸣器坏，蜂鸣器坏造成治疗过程中出现异常状况不能报警，可能危及生命，有较大安全隐患。
产品原因（包括说明书等）,捏柄老化断裂
产品原因（包括说明书等）,拆开机器检查发现上端注射器的检测传感器排线接触不良。
产品原因（包括说明书等）,固定拉杆老化，需更换
产品原因（包括说明书等）,注射泵屏幕白屏，无法设置数值
产品原因（包括说明书等）,科室在正常使用过程中，设备出现报警，该设备科室人员操作规范，故分析为设备自身原因。
产品原因（包括说明书等）,排线故障
产品原因（包括说明书等）,设备需重新校准
操作原因,检查设备后发现，注射泵通道存在残留药液导致注射通道黏连，无法正常使用。
产品原因（包括说明书等）,产品不合格
产品原因（包括说明书等）,产品老化
产品原因（包括说明书等）,
产品原因（包括说明书等）,多考虑该产品存在质量缺陷。
无法确定,
无法确定,报警系统失控
产品原因（包括说明书等）,设备故障导致
无法确定,系统故障
产品原因（包括说明书等）,多考虑：1.产品本身存在缺陷？2.操作人员未按产品说明书对产品进行维护和保养？
产品原因（包括说明书等）,可能是设备系统原因，具体原因待查。
产品原因（包括说明书等）,仪器年份较久，电路板老化，导致仪器无法开机。
产品原因（包括说明书等）,
产品原因（包括说明书等）,设备喇叭损坏
无法确定,现场检查推杆夹持器有裂纹。在推送注射器时有影响
产品原因（包括说明书等）,电源板问题
产品原因（包括说明书等）,为了确定故障原因，返厂检修。
产品原因（包括说明书等）,注射器夹子坏
产品原因（包括说明书等）,注射器夹子坏
产品原因（包括说明书等）,注射器已贴紧卡座感应器
产品原因（包括说明书等）,需重新校准
产品原因（包括说明书等）,压力传感器原因导致频繁报警。
产品原因（包括说明书等）,设备传感器故障
产品原因（包括说明书等）,现场检查供电正常。推动推杆电位数值无变化，拆机发现连接线松动，紧固连接线电位数值变化正常，试机正常
产品原因（包括说明书等）,电位器移位
无法确定,注射泵更换注射器注射泵无法准确标定速度
产品原因（包括说明书等）,检查设备发现上通道2按键有时起作用，有时没反应，怀疑微动开关问题。万用表测微动开关通断异常。更换微动开关
产品原因（包括说明书等）,电源线损坏，更换电源线。
产品原因（包括说明书等）,无
无法确定,系统故障
"产品原因（包括说明书等）,无法确定",无法确定，怀疑可能为内部传感器故障，无法复位导致报警。
产品原因（包括说明书等）,注射泵故障
产品原因（包括说明书等）,背后夹子掉了
产品原因（包括说明书等）,对设备拍打有通电现象，拆机检查变压供电板有针脚虚焊。
无法确定,无法开机，怀疑电源开关、电源线等故障
产品原因（包括说明书等）,注射泵扬声器故障
产品原因（包括说明书等）,注射泵出现白屏故障
无法确定,无法确定事件原因
产品原因（包括说明书等）,工程师现场维修判定，该设备注射泵夹子损坏，导致药物无法完成推进。
产品原因（包括说明书等）,初步判断，该泵夹注射器尾端有松动现象，可能时导致提示未顶紧。
无法确定,可能是塑料老化。
产品原因（包括说明书等）,报警器故障。
产品原因（包括说明书等）,报警蜂鸣器坏，该品牌注射泵出现蜂鸣器故障多次，出现报警蜂鸣器不响存在较大安全隐患。
"无法确定,产品原因（包括说明书等）,操作原因",
产品原因（包括说明书等）,B通道拉杆处固定圆柱断裂
产品原因（包括说明书等）,多考虑：1.产品本身存在缺陷？2.操作人员未按产品说明书对产品进行维护和保养？
产品原因（包括说明书等）,多考虑该产品存在质量问题
"产品原因（包括说明书等）,无法确定",注射泵的机械部件拉杆损坏。
无法确定,连续使用时间过长，过热保护
无法确定,注射泵蓄电池耗尽死机
产品原因（包括说明书等）,更换确认键后故障消失。
产品原因（包括说明书等）,夹杆长期使用，老化碎裂。
产品原因（包括说明书等）,固定拉杆坏了
无法确定,螺丝断裂
"产品原因（包括说明书等）,无法确定",夹子螺纹损坏
无法确定,针筒推杆夹断了。
产品原因（包括说明书等）,注射泵卡扣损坏，考虑为个别产品内部配件质量存在问题。
产品原因（包括说明书等）,夹子螺纹损坏
产品原因（包括说明书等）,夹子螺纹损坏
无法确定,启动后报警，提示门没有关闭
产品原因（包括说明书等）,
产品原因（包括说明书等）,设备夹子设计质量问题
产品原因（包括说明书等）,无法确定
"产品原因（包括说明书等）,无法确定",初步判断为拉杆卡夹材质太脆。
产品原因（包括说明书等）,
无法确定,注射器杆断裂应是自身结构变脆弱所致，具体原因不明，未发现液体泄漏导致的腐蚀痕迹
操作原因,维修工程师检查检查注射泵工作情况，发现充电线接头处松动，接触不良
无法确定,接触不良
产品原因（包括说明书等）,怀疑电源线问题，测量电源线正常，怀疑电源板有问题
产品原因（包括说明书等）,检查后发现，设备固定注射器的卡扣老化导致断裂
产品原因（包括说明书等）,设备报系统故障6代码，经进一步检测，代码6为压力传感器故障，随告知临床终止使用，待维修。
产品原因（包括说明书等）,"获悉不良事件信息后，根据事件描述确认该问题为注射泵报警设置问题，公司根据提供的生产日期对产品的生产记录、检验	记录进行了追溯，未发现明显异常，其他医院使用该批次产品也未出现异常，属个例问题。公司也组织了相关人员对问题产生的原因进行查找并制定控制措施。"
无法确定,
产品原因（包括说明书等）,多考虑该产品存在质量问题
产品原因（包括说明书等）,多考虑该产品存在质量缺陷。
产品原因（包括说明书等）,多考虑该产品存在质量问题
无法确定,
产品原因（包括说明书等）,多考虑：1.产品本身存在缺陷？2.操作人员未按产品说明书对产品进行维护和保养？
无法确定,药液未泵完，提前报警
产品原因（包括说明书等）,多考虑该产品存在质量问题。
产品原因（包括说明书等）,
无法确定,开机无显示，电源线或电源线路故障
"产品原因（包括说明书等）,无法确定",仪器老化，推助器松动
产品原因（包括说明书等）,注射泵在泵注过程中频繁报警，注射泵故障。
产品原因（包括说明书等）,经检查，发现是针筒推杆故障。
产品原因（包括说明书等）,
产品原因（包括说明书等）,喇叭损坏
产品原因（包括说明书等）,推进杆架子断裂
操作原因,经检修发现，屏幕后排线松动。调查原因是发现为昨日设备清洁保养时意外摔落导致。
产品原因（包括说明书等）,电源板损坏
产品原因（包括说明书等）,时间错误
"产品原因（包括说明书等）,无法确定",原因不明，无法确定。
产品原因（包括说明书等）,机器存在性能或功能故障，该故障为常见故障
产品原因（包括说明书等）,推注杆不动导致
产品原因（包括说明书等）,注射泵注射器尾夹传感器故障
产品原因（包括说明书等）,
产品原因（包括说明书等）,怀疑是产品老化
产品原因（包括说明书等）,排线故障
产品原因（包括说明书等）,疑似排线或传感器故障
"无法确定,产品原因（包括说明书等）",原因不明，无法确定
产品原因（包括说明书等）,内部线路接触不良
产品原因（包括说明书等）,设备电池存在故障
"无法确定,产品原因（包括说明书等）",产品质量问题
产品原因（包括说明书等）,考虑为器械使用时间过长，推拉杆发现卡盒损坏导致无法正常使用。
产品原因（包括说明书等）,微量注射泵使用过程中突然停机，怀疑产品 质量问题。
无法确定,产品质量问题
产品原因（包括说明书等）,经查，注射器夹子故障
产品原因（包括说明书等）,产品质量原因
"产品原因（包括说明书等）,无法确定",初步判断为控制板故障。
产品原因（包括说明书等）,设备老化
无法确定,
产品原因（包括说明书等）,初步分析电源部分因液体导致短路
"产品原因（包括说明书等）,无法确定",初步判断为拉杆材质脆度太高导致破裂。
"产品原因（包括说明书等）,无法确定",初步判断为设备喇叭故障。
无法确定,
"产品原因（包括说明书等）,无法确定",初步判断为卡夹固定螺丝杆故障。
产品原因（包括说明书等）,安装注射器后，传感器无法检测到注射器。
产品原因（包括说明书等）,注射泵硬件故障
产品原因（包括说明书等）,检查后发现，固定支架的旋转固定部分与输液架的接触面积太小导致的
产品原因（包括说明书等）,多考虑该产品存在质量问题。
产品原因（包括说明书等）,1、仪器使用频率高，固定的拉杆支架损耗磨损；2、仪器使用时限长，仪器部件部分老化；3、护士操作时动作粗暴，抽拉支架拉杆时用力过猛。
产品原因（包括说明书等）,经工程师维修鉴定，该设备电池老化，导致设备停机情况发生。
产品原因（包括说明书等）,考虑为器械使用时间过长，主板系统电池电量不足导致的故障，更换系统电池后试机使用正常。
产品原因（包括说明书等）,
产品原因（包括说明书等）,电池老化
产品原因（包括说明书等）,设备电池老旧损坏
产品原因（包括说明书等）,
产品原因（包括说明书等）,推药座故障导致卡不住注射器
无法确定,22床，何颖，男，38岁，遵医嘱给予NS50ml+生长抑素3mgQ12h泵人，剩余液体30ml时，显示停止，报警灯闪烁，重新启动时还是报警，立即更换注射泵，未对患者造成不良后果。
产品原因（包括说明书等）,到考虑1.该产品存在质量缺陷2.操作者未按说明书对产品进行维护和保养。
产品原因（包括说明书等）,多考虑该产品存在质量问题。
产品原因（包括说明书等）,多考虑：1.产品本身存在缺陷？2.操作人员未按产品说明书对产品进行维护和保养？
产品原因（包括说明书等）,注射器夹钳拉杆断裂
产品原因（包括说明书等）,捏柄损坏
"无法确定,产品原因（包括说明书等）",原因不明，无法确定
产品原因（包括说明书等）,经工程师检查，走校准程序进行校准后恢复正常。
产品原因（包括说明书等）,
产品原因（包括说明书等）,
产品原因（包括说明书等）,排线损坏
产品原因（包括说明书等）,报警蜂鸣器坏
产品原因（包括说明书等）,蜂鸣器坏。治疗过程中出现问题设备需要声光报警，以便医务人员及时发现及时处理，尤其在普通病房，蜂鸣器不响医务人员不能及时发现有可能给患者造成严重伤害。威高注射泵蜂鸣器不响问题出现频率较高。
无法确定,2024年3月13日，该科室护士在操作该注射泵时，发现后壳掉落。随后将该设备送往设备科，设备科接受后展开检修活动。分析：全部螺丝脱落，螺丝松动导致。
产品原因（包括说明书等）,经工程师现场检查发现设备电源板故障
无法确定,
产品原因（包括说明书等）,检查发现长位丝杆外壳断裂，影响丝杆走动
产品原因（包括说明书等）,机器故障
无法确定,经检测，判断为注射泵内置导联线脱落导致注射泵异常报警。
产品原因（包括说明书等）,注射泵的顶紧相关传感器未起反应，无法获取注射泵的泵体注射深度信息。
无法确定,经检测，内部传感器故障导致流速过快。
产品原因（包括说明书等）,1、材质问题2、机器使用年限过长
产品原因（包括说明书等）,材质问题
无法确定,给患者使用微量泵时发现下侧泵管运行中，不显示运行状态
产品原因（包括说明书等）,多考虑该产品存在质量问题
无法确定,微量泵的固定器部分这段，无法固定
产品原因（包括说明书等）,机器内部故障
产品原因（包括说明书等）,注射泵夹杆断裂
产品原因（包括说明书等）,产品质量问题
产品原因（包括说明书等）,压力传感器损坏
产品原因（包括说明书等）,设备零部件脆化，耐久度不足。
产品原因（包括说明书等）,多考虑：1.产品本身存在缺陷？2.操作人员未按产品说明书对产品进行维护和保养？
产品原因（包括说明书等）,注射泵限位杆处断裂，导致内部识别注射器大小传感器部分松动，设备无法识别到注射器，且无报警。
产品原因（包括说明书等）,经检修，内部一处线缆插头位置松动，导致机器无法工作。
产品原因（包括说明书等）,工程师认为主板和电源板连接不合理。
产品原因（包括说明书等）,科室人员检查设备时发现夹持杆断裂，没有给患者造成不良现象。报设备科维修.
产品原因（包括说明书等）,配件故障
无法确定,经检测，判断为注射泵内部导联线脱落导致注射泵异常报警。
无法确定,设备管理部工程师接报修后，到达科室检查设备，分析故障原因为注射泵针管夹老化导致断裂。
产品原因（包括说明书等）,设备速率存在误差
"产品原因（包括说明书等）,无法确定",初步判断为系统故障。
"产品原因（包括说明书等）,无法确定",初步判断为卡夹内弹簧失活或掉落。
"产品原因（包括说明书等）,无法确定",初步判断为自检不过。
无法确定,使用过程中显示泵的压力过高，无法正常使用
"产品原因（包括说明书等）,无法确定",初步判断为显示器故障。
无法确定,持输液器的夹子无法旋转
无法确定,无法确定事件原因
产品原因（包括说明书等）,设备电源线有折断，导致无法正常通电开机
产品原因（包括说明书等）,
产品原因（包括说明书等）,经检查是微泵推药的拉杆故障，导致推注暂停。
产品原因（包括说明书等）,
产品原因（包括说明书等）,设备系统出现紊乱
无法确定,
产品原因（包括说明书等）,注射泵卡扣损坏，考虑为产品质量存在问题。
产品原因（包括说明书等）,塑料材质夹子长期使用变脆断裂
无法确定,科室老师开机后发现屏幕不亮
无法确定,报警暂停，开始按钮无反应
产品原因（包括说明书等）,按键故障，怀疑元件质量问题。
"产品原因（包括说明书等）,无法确定",设备离合故障
产品原因（包括说明书等）,重症室病人治疗中注射泵离合故障，无法进行治疗，耽误病人治疗。
无法确定,原因不明，无法确定
产品原因（包括说明书等）,
无法确定,"检查发现20ML注射器剩1.5ML,首先进行注射器校准"
产品原因（包括说明书等）,夹子采用塑料材质容易断裂
产品原因（包括说明书等）,注射泵的固定支架老化损害，导致注射泵无法固定在输液架上
产品原因（包括说明书等）,注射器传感器故障。
产品原因（包括说明书等）,排线连接问题
产品原因（包括说明书等）,日常保养时发现无法充电，无法使用
产品原因（包括说明书等）,多考虑：1.产品本身存在缺陷？2.操作人员未按产品说明书对产品进行维护和保养？
产品原因（包括说明书等）,机器故障。
产品原因（包括说明书等）,多考虑：1.产品本身存在缺陷？2.操作人员未按产品说明书对产品进行维护和保养？
产品原因（包括说明书等）,夹子为塑料材质容易断裂
产品原因（包括说明书等）,夹子长期使用塑料老化出现裂纹
产品原因（包括说明书等）,夹子塑料材质长期使用变脆容易断裂
无法确定,原因不明，无法确定
无法确定,设备管理部工程师接报修后到达科室检查设备，分析故障原因为注射泵传感器损坏。
产品原因（包括说明书等）,预计是程序出现错误
"无法确定,产品原因（包括说明书等）",原因不明，无法确定
产品原因（包括说明书等）,注射泵堵塞报警
产品原因（包括说明书等）,
无法确定,原因不明，无法确定
产品原因（包括说明书等）,医护人员使用注射泵为患者输液过程中，发现注射泵的实际输液速度与设定输液速度不符。
产品原因（包括说明书等）,多考虑1.该产品存在质量缺陷2.操作者未按说明书对产品进行维护和保养。
产品原因（包括说明书等）,感应器无法感应
产品原因（包括说明书等）,
产品原因（包括说明书等）,多考虑：1.产品本身存在缺陷？2.操作人员未按产品说明书对产品进行维护和保养？
产品原因（包括说明书等）,
产品原因（包括说明书等）,多考虑：1.产品本身存在缺陷？2.操作人员未按产品说明书对产品进行维护和保养？
产品原因（包括说明书等）,多考虑：1.产品本身存在缺陷？2.操作人员未按产品说明书对产品进行维护和保养？
无法确定,
产品原因（包括说明书等）,因设备使用年限较久导致的设备老化，固定夹内侧的固定槽破损，已送往设备科检修。
产品原因（包括说明书等）,使用过程中传动电机固定支架松动，造成蜗杆打滑
无法确定,
产品原因（包括说明书等）,在使用过程中，固定器损害，无法固定，导致无法使用。
产品原因（包括说明书等）,多考虑该产品长期使用损耗所致。
无法确定,
无法确定,
无法确定,
无法确定,
产品原因（包括说明书等）,
产品原因（包括说明书等）,多考虑：1.产品本身存在缺陷？2.操作人员未按产品说明书对产品进行维护和保养？
产品原因（包括说明书等）,多考虑该产品长期使用损坏而致。
产品原因（包括说明书等）,注射泵卡扣无法完全闭合，设备科人员拆卸后发现，卡扣及内部齿轮均为注塑材质，本身误差较大，容易产生彼此之间的阻碍，属质量问题。
产品原因（包括说明书等）,工程师维修鉴定，设备内部传输线损坏导致设备故障报警，无法使用。
产品原因（包括说明书等）,注射泵故障
产品原因（包括说明书等）,在治疗过程中发生泵管夹脱落。设备泵管夹与工作强度不匹配。
产品原因（包括说明书等）,
产品原因（包括说明书等）,原因不明，无法确定
无法确定,
产品原因（包括说明书等）,夹子损坏
无法确定,开机有电，启动无液体怀疑泵电机故障或控制电路故障
产品原因（包括说明书等）,
产品原因（包括说明书等）,多考虑1.该产品存在质量缺陷2.操作者未按说明书对产品进行维护和保养。
产品原因（包括说明书等）,微量泵内部系统故障
产品原因（包括说明书等）,
产品原因（包括说明书等）,多考虑：1.产品本身存在缺陷？2.操作人员未按产品说明书对产品进行维护和保养？
产品原因（包括说明书等）,多考虑1.该产品存在质量缺陷2.操作者未按说明书对产品进行维护和保养
无法确定,
产品原因（包括说明书等）,
产品原因（包括说明书等）,科室工作人员在使用前对设备检查时候发现设备夹柄卡顿，使用不顺畅，更换新的主设备对病人进行注射治疗
产品原因（包括说明书等）,在使用过程中，科室发现注射泵发出系统故障，报给维修部，维修部及时对其做了修复
产品原因（包括说明书等）,科室工作人员在使用前对设备检查时候发现设备无法开机，设备科到场检修发现设备电路板连接线短路
操作原因,
无法确定,
产品原因（包括说明书等）,多考虑使用期间损耗所致
产品原因（包括说明书等）,机器问题？
无法确定,设备管理部工程师接报修后到达科室，对设备进行检查，需更换拉杆。
无法确定,设备管理部工程师接报修后，到达科室清理旋杆。
产品原因（包括说明书等）,多考虑：1.产品本身存在缺陷？2.操作人员未按产品说明书对产品进行维护和保养？
产品原因（包括说明书等）,报警喇叭坏
产品原因（包括说明书等）,多考虑该产品存在质量问题
产品原因（包括说明书等）,多考虑该产品存在质量问题
产品原因（包括说明书等）,多考虑1.该产品存在质量缺陷2.操作者未按说明书对产品进行维护和保养。
产品原因（包括说明书等）,多考虑：1.产品本身存在缺陷？2.操作人员未按产品说明书对产品进行维护和保养？
产品原因（包括说明书等）,多考虑：1.产品本身存在缺陷？2.操作人员未按产品说明书对产品进行维护和保养？
产品原因（包括说明书等）,多考虑：1.产品本身存在缺陷？2.操作人员未按产品说明书对产品进行维护和保养？
产品原因（包括说明书等）,在工程师日常巡检中发现，该设备注入量不准，经检查发现注射器夹杆断裂，经与厂家工程是沟通发现是设备老化导致
"产品原因（包括说明书等）,操作原因",多考虑：1.产品本身存在缺陷？2.操作人员未按产品说明书对产品进行维护和保养？
无法确定,经检查，发现是内部电路排线断。
无法确定,
产品原因（包括说明书等）,
产品原因（包括说明书等）,电源电池供电故障、供电线断裂
产品原因（包括说明书等）,
无法确定,经检测，判断为注射泵内置导联线脱落松动导致注射泵异常报警。
无法确定,经检测，判断为注射泵电路板故障，导致注射泵无法开机。
无法确定,经检测，判断为注射泵内部连接线脱落，导致注射泵无法推送药液。
产品原因（包括说明书等）,微量泵的推进杆老化开裂，建议改进生产材料。
产品原因（包括说明书等）,考虑是否接触不良了
产品原因（包括说明书等）,柱塞推杆的抓手部位胶片断开
产品原因（包括说明书等）,机器电源板故障
"产品原因（包括说明书等）,无法确定",打开仪器传感器接头松动
产品原因（包括说明书等）,检查后发现，转班电池没电导致，时间显示不对
产品原因（包括说明书等）,经维修工程师维修判定，该设备因使用频率高，设备磨损老化导致注射夹子断裂。
无法确定,
产品原因（包括说明书等）,
无法确定,经检查，发现是喇叭损坏。
无法确定,配件老化
产品原因（包括说明书等）,怀疑电源板烧坏所致。
产品原因（包括说明书等）,注射器夹持器柄断，通知设备科到场检修
无法确定,
产品原因（包括说明书等）,产品原因
无法确定,注射泵的固定夹固定不住
产品原因（包括说明书等）,传感器故障
产品原因（包括说明书等）,喇叭损坏，报警时无声音
产品原因（包括说明书等）,开机，护士觉得注射量不够准确，给患者更换注射泵，报修
无法确定,
产品原因（包括说明书等）,产品微型喇叭损坏
产品原因（包括说明书等）,医护人员使用注射泵为患者治疗前进行准备过程中，安装注射器时发现无法识别注射器规格，经检查发现注射器拉杆支架断裂，导致注射器位置不正确
无法确定,
产品原因（包括说明书等）,仪器故障
产品原因（包括说明书等）,无法确定
产品原因（包括说明书等）,
产品原因（包括说明书等）,
产品原因（包括说明书等）,仪器故障
产品原因（包括说明书等）,仪器故障
产品原因（包括说明书等）,注射泵开关失灵。频繁报警。不能正常工作，更换一台输液泵后正常使用。无不良后果。
产品原因（包括说明书等）,注射泵断电停止泵入
操作原因,拆开机器后发现固定注射器的柱子断裂后内部的传感器位置移动。
产品原因（包括说明书等）,设备质量原因
产品原因（包括说明书等）,可能电脑程序出错
无法确定,
产品原因（包括说明书等）,按键故障
产品原因（包括说明书等）,发现该设备2通道，注射器推进杆卡塞，产品质量缺陷
产品原因（包括说明书等）,设备微型扩音器故障
产品原因（包括说明书等）,
无法确定,
产品原因（包括说明书等）,注射泵扬声器故障
"产品原因（包括说明书等）,无法确定",
产品原因（包括说明书等）,机器老化，充电线故障。
无法确定,注射泵出现故障，针筒推杆夹断裂。
无法确定,
无法确定,电源线损坏
产品原因（包括说明书等）,
产品原因（包括说明书等）,科室工作人员在使用前对设备检查时候发现设备启动按钮不起作用
产品原因（包括说明书等）,原因不明，无法确定。
产品原因（包括说明书等）,10月12日，工作人员胡欣使用注射泵未患儿注射能量，设置速度未5.2ml/h，实际输注速度1小时45ml
产品原因（包括说明书等）,经检查是电源插头螺丝松脱导致插头松动报警。
产品原因（包括说明书等）,机器故障
无法确定,注射杆断裂
无法确定,经检测，注射泵内部导联线脱落，导致注射泵异常报警。
产品原因（包括说明书等）,微量泵使用过程中泵管夹脱落，产品存在安全隐患。
产品原因（包括说明书等）,初步判断为系统故障。
产品原因（包括说明书等）,怀疑产品设计问题，应采用防滑螺丝，固定座脱落 设备掉落容易造成安全事故。
产品原因（包括说明书等）,
产品原因（包括说明书等）,科室工作人员在使用前对设备检查时候发现设备没有电，通知设备科工程师到场进行检修，发现设备电池损坏
产品原因（包括说明书等）,产品设计缺陷造成推杆部位易磕碰。
产品原因（包括说明书等）,管理堵塞，电源线脱落，电池负压
产品原因（包括说明书等）,
无法确定,注射泵2号通道针筒推杆夹断裂。
产品原因（包括说明书等）,长电合器排线松动
"产品原因（包括说明书等）,无法确定",初步判断为输液器故障或系统故障。
无法确定,产品使用年限过长，外壳老化导致手柄断裂
无法确定,
产品原因（包括说明书等）,
无法确定,
无法确定,
"产品原因（包括说明书等）,无法确定",根据科室反馈及现场询问，初步判断为泵夹材质较脆导致破裂。
产品原因（包括说明书等）,产品电源部分故障
产品原因（包括说明书等）,产品固定注射器的推拉杆固定不良，
无法确定,患者多设备使用率过高
无法确定,注射杆断裂
"产品原因（包括说明书等）,操作原因",设备科工作人员现场查看，发现系机器内部线路接触不良导致故障。
"无法确定,操作原因",设备参数与注射器品牌不符
无法确定,镜检查发现设备的排线松动
产品原因（包括说明书等）,机器故障
产品原因（包括说明书等）,压力传感器故障
产品原因（包括说明书等）,长期使用导致机器输液速率不准确
无法确定,
产品原因（包括说明书等）,机器报错“离合未闭”
无法确定,
无法确定,1.注射泵接近有效期，利用率高，磨损严重，导致功能失调减慢。2.科室报修过此台注射泵，修后未与新机器进行速度比对，未做标注。3.两组药用50ml同时泵入差5ml不容易被发现。
无法确定,
产品原因（包括说明书等）,
产品原因（包括说明书等）,故障为电池原因
无法确定,传感器故障
产品原因（包括说明书等）,科室工作人员在使用前对设备检查时候发现设备注射完后有液体未注射完，通知设备科工程师到场进行检修
无法确定,
无法确定,
无法确定,
无法确定,
无法确定,
产品原因（包括说明书等）,
产品原因（包括说明书等）,工程师维修鉴定，该设备注射夹子配件断裂损坏，导致药物注射无法进行。
产品原因（包括说明书等）,有剩余液体，设备就报警完成注射
操作原因,操作不当引起的参数出现错误
产品原因（包括说明书等）,
产品原因（包括说明书等）,设备科进行检修后发现电路板有虚焊处，造成电路短路无法正常开机
产品原因（包括说明书等）,长期使用夹子老化变脆使用过程中断裂
无法确定,不详
无法确定,经检测，发现为注射泵内置主板导联线脱落导致注射泵异常报警。
无法确定,经检测，判断为注射泵内置电机故障，导致无法推送液体。
无法确定,经检测，判断为注射泵内置电机故障。
产品原因（包括说明书等）,产品问题
产品原因（包括说明书等）,产品故障问题
产品原因（包括说明书等）,设备故障
无法确定,通过注射泵给患者给药的过程中，机器持续报警，无法正常使用
产品原因（包括说明书等）,上联报错异常2
无法确定,科室在使用过程中，注射泵无法正常工作，一直报警
无法确定,排线松动
无法确定,推液装置内部电机出现故障
产品原因（包括说明书等）,设备故障
产品原因（包括说明书等）,电机卡死
"无法确定,患者自身原因",受到外力致使设备内部组件损坏
无法确定,推液装置内部电机出现故障
产品原因（包括说明书等）,工程师维修判定，该设备注射器夹子因使用频率高，疲劳性断裂，导致故障发生。更换夹子后，设备运行正常。
无法确定,阻塞
产品原因（包括说明书等）,注射器固定夹断裂
产品原因（包括说明书等）,经检查是注射泵电源板故障，导致开不了机。
无法确定,疑似设备故障
无法确定,
无法确定,经检测，发现注射泵内置电机故障，从而导致无法正常推完药液。
无法确定,经检测，发现内置线头有松动情况，从而无法正常输完液体。
无法确定,经检测，初步判断为注射泵内置线头松动导致异常报警。
无法确定,机器报错
产品原因（包括说明书等）,可能与产品或操作有关
产品原因（包括说明书等）,怀疑微泵内部零件损坏。
产品原因（包括说明书等）,产品质量问题
无法确定,
无法确定,
产品原因（包括说明书等）,显示屏损坏，电池无法充电
产品原因（包括说明书等）,部件老化断裂
产品原因（包括说明书等）,尾夹传感器损坏
患者自身原因,病人误摔设备，导致注射器固定把手卡死，注射器无法识别，设备无法正常使用
无法确定,使用频率高
无法确定,拆开后发现电机的供电电源线有一根断掉。
产品原因（包括说明书等）,拆机检查发现一组排线松动。
产品原因（包括说明书等）,塑料老化一通道夹子断裂
无法确定,
产品原因（包括说明书等）,产品质量原因
产品原因（包括说明书等）,
产品原因（包括说明书等）,按键或按键板问题
产品原因（包括说明书等）,
产品原因（包括说明书等）,蜂鸣器故障，报警蜂鸣器不响在威高注射泵中出现不止一次，虽未造成严重伤害，但存在较大安全隐患。
"无法确定,产品原因（包括说明书等）",设备故障
产品原因（包括说明书等）,压力传感器故障
产品原因（包括说明书等）,产品出现的质量问题，建议厂家对产品进行不断完善和质量改进。
产品原因（包括说明书等）,系统软件设置故障
产品原因（包括说明书等）,设备的推拉杆比较脆弱 很容易发生断裂
无法确定,在准备使用过程中，单道卡死。
无法确定,注射泵内置主板故障。
产品原因（包括说明书等）,根据报警信息咨询厂家工程师，判断设备蓄电池达到使用寿命，电池故障造成设备停机。
产品原因（包括说明书等）,
产品原因（包括说明书等）,产品质量缺陷
产品原因（包括说明书等）,设备故障
无法确定,
无法确定,
产品原因（包括说明书等）,按键无反应
产品原因（包括说明书等）,产品故障
无法确定,
无法确定,
"产品原因（包括说明书等）,无法确定",怀疑材质老化
无法确定,
产品原因（包括说明书等）,上联电位值偏离
产品原因（包括说明书等）,因基准压力值超出正常范围导致
产品原因（包括说明书等）,
无法确定,
无法确定,
无法确定,仪器故障
产品原因（包括说明书等）,设备使用过程中设备突发故障报警，无法正常使用。经工程师现场判定设备传感器发生故障，导致设备出现报警停机，更换后传感器后设备运行正常。
产品原因（包括说明书等）,使用该设备注射泵报警显示堵塞，经工程师现场对设备进行检修，经排查发现该设备传感器接触异常，导致该设备故障发生。经清洁校准后故障排除，设备运行正常。
无法确定,设备老化导致推杆夹子断裂
无法确定,
产品原因（包括说明书等）,设备在检修时发现不通电，考虑电源部分问题
产品原因（包括说明书等）,
产品原因（包括说明书等）,产品提示灯出现故障。
操作原因,
产品原因（包括说明书等）,设备主板故障
产品原因（包括说明书等）,机器设计原因
产品原因（包括说明书等）,传感器故障
产品原因（包括说明书等）,按键有时失灵
产品原因（包括说明书等）,压力传感器偶发故障
产品原因（包括说明书等）,注射泵尾夹断裂
产品原因（包括说明书等）,
无法确定,
产品原因（包括说明书等）,产品质量原因，喇叭损坏
产品原因（包括说明书等）,
产品原因（包括说明书等）,产品卡夹质量差，塑料强度不足导致损坏
无法确定,主板故障
产品原因（包括说明书等）,微泵机螺旋固定杆卡死在床栏上，旋转动弹不了。
产品原因（包括说明书等）,经检查发现，压柄断裂，外壳破裂，需要更换。
产品原因（包括说明书等）,注射泵输注精准度低
产品原因（包括说明书等）,
无法确定,注射泵驱动模块异常，导致实际流速大于设置流速。
无法确定,
无法确定,
无法确定,
产品原因（包括说明书等）,产品使用较频繁，耐用度不良
产品原因（包括说明书等）,无法开机
产品原因（包括说明书等）,产品质量缺陷
产品原因（包括说明书等）,泵损坏
产品原因（包括说明书等）,2023年1月28日，病人因心衰住院，需进行注射药物治疗。科室使用该注射泵注射药物时，注射泵夹子断裂，工作人员第一时间更换注射泵设备，并通知设备维修工程师进行维修。未对病人造成不良影响。
产品原因（包括说明书等）,注射泵前外壳损坏，无法使用
无法确定,
产品原因（包括说明书等）,受力部分为塑料件，且受力点薄弱，长期使用导致断裂
产品原因（包括说明书等）,
产品原因（包括说明书等）,注射泵排线坏
产品原因（包括说明书等）,注射泵座垫损坏导致无法使用
无法确定,机器内部传感器故障
产品原因（包括说明书等）,注射器识别板故障，以及感应器需要更换。
产品原因（包括说明书等）,使用年限过长导致把柄过松
产品原因（包括说明书等）,通道2故障报警，显示异常5
无法确定,工程师联系厂家
产品原因（包括说明书等）,拉杆断裂，拉杆与机壳一体，要换需换整个机壳
产品原因（包括说明书等）,
无法确定,设备老化导致的注射器夹断裂
产品原因（包括说明书等）,尾夹断裂
产品原因（包括说明书等）,拉杆使用频率高，生锈卡顿
产品原因（包括说明书等）,先对其进行了故障的初步判断，观察到该设备只有在“简易模式”的情况下，输出的药量是正常的，经过查阅资料，是注射器识别板故障，以及感应器需要更换。
产品原因（包括说明书等）,注射泵质量问题
产品原因（包括说明书等）,机器长时间使用，出现电源线老化。
产品原因（包括说明书等）,发现夹座损坏
产品原因（包括说明书等）,2022年11月12日，科室护理人员应用注射泵给予患者持续泵入溶栓药物时，药物未输注完成，注射泵报警显示离合未闭，给予及时调整仍未好转，给予更换仪器，及时维修。未对病人造成不良影响。
产品原因（包括说明书等）,注射泵压注射器压杆断裂，无法使用，注射器不再推药
产品原因（包括说明书等）,
"无法确定,产品原因（包括说明书等）",经检查，发现是注射泵1通道喇叭损坏。
产品原因（包括说明书等）,
无法确定,事件发生可能与产品有关，不排除其他因素影响。
产品原因（包括说明书等）,
产品原因（包括说明书等）,
"产品原因（包括说明书等）,无法确定",固定夹脱落是由于固定固定夹的螺丝孔断裂，该种情况实有数设计缺陷造成搬运过程中固定夹磕碰，造成损坏。
产品原因（包括说明书等）,电源故障
"产品原因（包括说明书等）,无法确定",可能为机器的自身问题导致
产品原因（包括说明书等）,开机，报警系统错误，机器故障，自检通不过，
产品原因（包括说明书等）,
产品原因（包括说明书等）,电机控制系统出现异常，导致流速过快。
产品原因（包括说明书等）,在使用过程中，注射器固定夹手柄断裂，分析应该是时间太久，部件老化造成
"产品原因（包括说明书等）,操作原因",
产品原因（包括说明书等）,使用中无法识别注射器规格，注射器压杆故障
无法确定,机械故障
产品原因（包括说明书等）,电机故障
产品原因（包括说明书等）,注射泵尾夹固定螺丝断裂，致使尾夹传感器移位无法检测注射器。注射泵尾夹脱落
无法确定,
产品原因（包括说明书等）,怀疑产品材质不好，不耐用 容易滑丝。
无法确定,经检查，连接主机的信号控制板故障
"产品原因（包括说明书等）,操作原因",按注射泵开机键无反应，导致无法正常开机使用，可能为长时间应用，开机键接触不良。
无法确定,注射泵经常出现此问题，原因不确定，计量不准确
无法确定,电池老化、不能充电
产品原因（包括说明书等）,产品质量问题
产品原因（包括说明书等）,考虑为喇叭损坏
产品原因（包括说明书等）,设备故障导致
产品原因（包括说明书等）,威高的注射泵偏重，护士提拿不方便，注射器固定夹的部分结构与前壳一体铸造，且位置突出，容易被碰撞，撞断了就需要更换整个前壳，换前壳也很麻烦，原厂工程师更换前壳至少两个小时
操作原因,前面板破损报异常
产品原因（包括说明书等）,威高的注射泵偏重，护士提拿不方便，注射器固定夹的部分结构与前壳一体铸造，且位置突出，容易被碰撞，撞断了就需要更换整个前壳，换前壳也很麻烦，原厂工程师更换前壳至少两个小时
"产品原因（包括说明书等）,无法确定",
无法确定,
产品原因（包括说明书等）,夹子故障。
无法确定,
产品原因（包括说明书等）,设备故障
无法确定,因经常使用，致使螺纹磨损，导致泵夹子滑丝
产品原因（包括说明书等）,经检查，该机针筒活塞柄固定夹经长期反复使用会导致塑料部件破裂。
产品原因（包括说明书等）,威高的注射泵偏重，护士提拿不方便，注射器固定夹的部分结构与前壳一体铸造，且位置突出，容易被碰撞，撞断了就需要更换整个前壳，换前壳也很麻烦，原厂工程师更换前壳至少两个小时
产品原因（包括说明书等）,初步分析显示器故障
无法确定,设备故障
无法确定,
产品原因（包括说明书等）,
产品原因（包括说明书等）,机器故障
产品原因（包括说明书等）,拆开机器检查后发现，电源板引脚脱焊，导致电源板无输出，机器用的是蓄电池，待电池电量用完后，机器报警电量过低
无法确定,机器故障
产品原因（包括说明书等）,注射器夹具塑料材质断裂
产品原因（包括说明书等）,
产品原因（包括说明书等）,长拉杆断裂
产品原因（包括说明书等）,内置电池损坏
产品原因（包括说明书等）,质量问题
产品原因（包括说明书等）,拉杆器械故障
产品原因（包括说明书等）,推进夹损坏
产品原因（包括说明书等）,初步判断故障原因为注射泵系统自身故障、线路连接的问题
产品原因（包括说明书等）,塑料长杆已经断裂
无法确定,夹子根部断裂
产品原因（包括说明书等）,电位执行器故障
产品原因（包括说明书等）,有时数值不准确
产品原因（包括说明书等）,说明书提示系统故障1、2、3、4为偶发性系统故障，重新开机即可
产品原因（包括说明书等）,设备开机后一直报警，消毒液渗入主板内，按键出现短路
无法确定,前壳拉杆轴断裂
产品原因（包括说明书等）,喇叭坏
产品原因（包括说明书等）,设备老旧
产品原因（包括说明书等）,系统时间与北京时间不相符
产品原因（包括说明书等）,在使用过程中发现注射器夹持开关坏
产品原因（包括说明书等）,产品推注药液计量不准确
"无法确定,产品原因（包括说明书等）",
"无法确定,产品原因（包括说明书等）",
产品原因（包括说明书等）,内部螺杆卡死
无法确定,电机控制系统不稳定。
产品原因（包括说明书等）,
无法确定,检修发现前壳拉杆处断裂
产品原因（包括说明书等）,
无法确定,
"无法确定,产品原因（包括说明书等）",仪器故障。
无法确定,输液泵长期使用配件老化
无法确定,拆修后发现该设备前壳拉杆处有断裂且已多次粘接，重新粘接已无法达到使用强度要求
产品原因（包括说明书等）,设备扬声器故障。
产品原因（包括说明书等）,
"无法确定,产品原因（包括说明书等）",
"无法确定,产品原因（包括说明书等）",
"无法确定,产品原因（包括说明书等）",
产品原因（包括说明书等）,经检查，注射器推头识别器有逻辑错误，安装注射器时，设备回报错，不安装注射器反而可正常使用，识别逻辑颠倒错误了
无法确定,
产品原因（包括说明书等）,2022年7月21日，使用注射泵为患者注射药物，发现注射泵返回键反应慢。
无法确定,
产品原因（包括说明书等）,屏幕损坏
产品原因（包括说明书等）,产品电源线老化或设计不耐重复使用
"产品原因（包括说明书等）,操作原因,无法确定",患者使用注射泵持续8小时泵入抗凝溶栓药物，更换药物时间比预期提前2小时。
产品原因（包括说明书等）,注射泵微泵注射液药物过程中推泵轴卡住，未能及时报警。
产品原因（包括说明书等）,近半年内有进行注射泵维护校准，注射泵前两天也使用正常，6月19日才出现此不良现象。可能要进行系统的工装校准。
产品原因（包括说明书等）,
无法确定,设备科工程师判断需要返厂更换拉杆
产品原因（包括说明书等）,
无法确定,
"产品原因（包括说明书等）,无法确定",事件发生考虑与组件损坏有关，不排除其他因素导致可能。
无法确定,
产品原因（包括说明书等）,测量后发现电源线损坏，导致一直使用电池工作，在电池电量耗尽后又无法为其充电，至其出现电池电量低，导致机器无法工作
产品原因（包括说明书等）,注射泵是三个月前厂家校准维护过的。先用洪达注射器对设备重新校准后，进行流速测试，精度还是有一定的误差。
产品原因（包括说明书等）,
产品原因（包括说明书等）,为线路老化导致的断电无法使用，从而导致电源跳闸
产品原因（包括说明书等）,该注射泵发生故障问题为线路老化导致的无法使用，从而导致电源跳闸
产品原因（包括说明书等）,控制电路检测到异常信号
产品原因（包括说明书等）,
产品原因（包括说明书等）,使用注射泵突然停机，报警系统故障04，无法继续使用，工程师维修后判断为内部数据排线松动导致，重新连接并紧固后开机设备运行正常。
产品原因（包括说明书等）,可能设备存在故障
无法确定,系统故障，暂时不清楚原因
产品原因（包括说明书等）,传感器故障
产品原因（包括说明书等）,机器老化？
无法确定,
产品原因（包括说明书等）,应用威高注射泵给予泵入左西孟旦改善心功能，设置泵速时，复位键按压无效，不能调整泵速，考虑复位键损坏。
产品原因（包括说明书等）,产品质量缺陷
无法确定,设备老化导致设备零件碎裂
产品原因（包括说明书等）,
产品原因（包括说明书等）,经设备科工作人员现场查看，发现系电源线接触不良导致故障。
产品原因（包括说明书等）,
无法确定,在使用时，对注射泵进行数据调节，完成后按确认键无反应
产品原因（包括说明书等）,电路板块故障。
产品原因（包括说明书等）,内部电路板损坏
产品原因（包括说明书等）,护士正常操作，可能是产品的内部微处理器或者控制板块有问题。
产品原因（包括说明书等）,可能由于注射泵使用时间较长，导致拉杆电位器故障
无法确定,
产品原因（包括说明书等）,机器老化？
无法确定,注射泵长期使用识别器损坏
产品原因（包括说明书等）,丝杆不明原因损坏
无法确定,
产品原因（包括说明书等）,
产品原因（包括说明书等）,系统故障。
产品原因（包括说明书等）,注射泵固定杆断裂无法使用，检修后发现该泵无法单独更换固定杆需要将前壳一同更换
产品原因（包括说明书等）,产品质量原因
产品原因（包括说明书等）,上报设备科，工程师经检修，发现机器内喇叭损坏
产品原因（包括说明书等）,原因不明。
产品原因（包括说明书等）,可能器械质量问题
产品原因（包括说明书等）,多考虑：1.产品本身存在缺陷？2.操作人员未按产品说明书对产品进行维护和保养？
产品原因（包括说明书等）,产品质量问题
产品原因（包括说明书等）,可能与机器有关
产品原因（包括说明书等）,注射杆故障。
产品原因（包括说明书等）,怀疑产品质量缺陷，输注到一定位置就报警停止，推杆容易损坏，无法识别正确位置。
产品原因（包括说明书等）,注射泵存在质量问题
产品原因（包括说明书等）,2022-03-10，09：00设置50ml/h给予泵入，于09:10发现药物未减少，可能是微量泵本身存在损坏，造成其不能正常泵出药物。
"产品原因（包括说明书等）,操作原因",正常操作，卡子易断裂。
无法确定,夹子为塑料材质，且需经常按压，导致夹子根部开裂。
产品原因（包括说明书等）,机内数据线脱落
无法确定,机械故障
无法确定,推动杆老化损坏
产品原因（包括说明书等）,注射器夹持部位断裂
无法确定,2022年2月18日，科室在维护注射泵时，发现注射器卡口损坏，未对患者造成伤害，经设备科检查发现注射器固定卡扣老化断裂，更换卡扣后恢复正常使用。
产品原因（包括说明书等）,注射泵存在设计缺陷，容易造成针栓固定手柄磕碰。
产品原因（包括说明书等）,多次按确认键，触点碳化，接触不良
无法确定,
产品原因（包括说明书等）,可能为产品故障
产品原因（包括说明书等）,经设备科人员检查，发现设备一直报警（注射器未顶紧），无法消除，此设备安装未满一年，年前刚返厂维修，现又故障，产品质量与售后太差！！！
产品原因（包括说明书等）,系统故障。
产品原因（包括说明书等）,电池损坏
无法确定,初步推断为输液管打折受压，或血块阻塞静脉通路，进血端血管压力过大
产品原因（包括说明书等）,检查检测仪器，发现仪器电源板故障，短路
产品原因（包括说明书等）,
产品原因（包括说明书等）,速率不准
产品原因（包括说明书等）,通过咨询厂家工程师，得知“系统故障4”表示注射泵通信故障
产品原因（包括说明书等）,
产品原因（包括说明书等）,注射器传感器排线故障导致无法正确识别注射器
无法确定,薄膜按键板失灵导致无法开机
产品原因（包括说明书等）,
无法确定,设备使用年限过长，使用频繁导致设备故障。
无法确定,设备使用频繁导致固定夹滑丝。
产品原因（包括说明书等）,堵塞报警功能失灵
产品原因（包括说明书等）,传感器损坏
"产品原因（包括说明书等）,无法确定",2022.1.20注射泵在使用时出现暂停，后发生报警
产品原因（包括说明书等）,注射泵感应问题或者与注射器不相匹配
产品原因（包括说明书等）,注射泵系统故障
产品原因（包括说明书等）,蜂鸣器坏
产品原因（包括说明书等）,
产品原因（包括说明书等）,传感器损坏
无法确定,注射泵长期使用按键损坏
无法确定,主板老化
产品原因（包括说明书等）,
无法确定,电池故障致电池充电无效
无法确定,电池充电无效，需更换电池
无法确定,因为输液器调节阀未开，或者管路打折，针头或输液管堵塞
产品原因（包括说明书等）,推杆夹使用频率高，又是高分子材料制品，故常会出现断裂故障
产品原因（包括说明书等）,微量注射泵机器出现故障，可能内部元件损坏
产品原因（包括说明书等）,工程师分析设备推杆出现严重裂痕属于材质问题，有比较明显的碎裂，且同样故障现象有多起。
产品原因（包括说明书等）,经工程师分析设备属于设备材质问题，经比对同期购买的其他品牌的输注泵并未发现如此严重材质的老化现象，目前该类设备已经影响正常使用。
产品原因（包括说明书等）,
无法确定,
无法确定,设备故障
产品原因（包括说明书等）,屏幕显示“离合未闭”
产品原因（包括说明书等）,传感器过脏导致
产品原因（包括说明书等）,电池线断充不了电
产品原因（包括说明书等）,
产品原因（包括说明书等）,可能为产品质量问题
产品原因（包括说明书等）,可能为产品质量问题
产品原因（包括说明书等）,注射时间不准，需校正
无法确定,
无法确定,产品设计上的问题，推杆部分出现多次类似的状况，而无法使用。
产品原因（包括说明书等）,质量问题，注射完毕无报警，系统故障
无法确定,
产品原因（包括说明书等）,
无法确定,不明
产品原因（包括说明书等）,AC线打火断裂所致。
产品原因（包括说明书等）,
操作原因,"责任护士未及时关注微量泵每小时泵入的情况，导致微量泵故障时未及时发现。
分级护理制度落实不到位，交接班制度落实不到位。
缺乏安全风险防范意识。"
无法确定,输液泵无法正确识别不同毫升数的输液器
产品原因（包括说明书等）,注射泵显示阻塞报警，重启亦无效。
产品原因（包括说明书等）,
产品原因（包括说明书等）,
无法确定,
无法确定,
产品原因（包括说明书等）,质量问题
产品原因（包括说明书等）,为患者使用注射泵前检查注射泵发现注射泵开机后自检失败，无法使用
产品原因（包括说明书等）,初步诊断电源线老化
无法确定,
产品原因（包括说明书等）,固定支架螺丝滑丝。
产品原因（包括说明书等）,电源故障或者开关故障
无法确定,多考虑：1.产品本身存在缺陷；2.操作人员未按产品说明书对产品进行维护和保养。
产品原因（包括说明书等）,静推泵报警失灵
无法确定,经拆机检测，确认机内液体液位传感器损坏。
产品原因（包括说明书等）,
产品原因（包括说明书等）,为病人于光明使用威高微量注射泵注射药物，发现泵速不准，偏低。经维修人员现场维修为推拉盒固定夹子损坏导致注射针管固定不牢导致。
产品原因（包括说明书等）,丝杆镊柄损坏。
无法确定,开机，注射泵报堵塞，联系厂家工程师，拆开机，重新调整参数。恢复正常。
产品原因（包括说明书等）,报警灯故障或线路故障
产品原因（包括说明书等）,初步诊断滑道故障或内部零件松动
产品原因（包括说明书等）,
产品原因（包括说明书等）,
产品原因（包括说明书等）,内部零件掉落
产品原因（包括说明书等）,长期使用压柄老化卡死
产品原因（包括说明书等）,长期使用导致部件老化脱落。
无法确定,电池续航能力低
无法确定,设备使用时间长，蓄电池无蓄电能力
产品原因（包括说明书等）,
产品原因（包括说明书等）,设备故障不开机
产品原因（包括说明书等）,使用过程中夹子中渗透液体。
产品原因（包括说明书等）,机器内部问题
产品原因（包括说明书等）,机器内部问题
产品原因（包括说明书等）,产品质量问题。
产品原因（包括说明书等）,机械故障
无法确定,
产品原因（包括说明书等）,设备故障
无法确定,多考虑：1.产品本身存在缺陷；2.操作人员未按产品说明书对产品进行维护和保养。
产品原因（包括说明书等）,产品使用寿命太长
"产品原因（包括说明书等）,操作原因",责任护士未查看仪器的使用状态是否处于完好备用。
产品原因（包括说明书等）,注射泵故障，报警器失灵，怀疑产品质量问题。
产品原因（包括说明书等）,该泵推拉盒断裂
无法确定,
无法确定,
无法确定,
产品原因（包括说明书等）,使用过于频繁设备材质无法达到使用强度，内部可能 存在断裂
无法确定,
无法确定,使用时，发现仪器压柄坏
产品原因（包括说明书等）,原因待查。
无法确定,
无法确定,不明原因报警
产品原因（包括说明书等）,原因待查。
无法确定,
无法确定,
产品原因（包括说明书等）,
产品原因（包括说明书等）,
产品原因（包括说明书等）,
产品原因（包括说明书等）,怀疑产品存在质量问题，使用未超过1年。配件传感器故障
产品原因（包括说明书等）,
无法确定,
产品原因（包括说明书等）,1通道电源板接头氧化导致接触不良
产品原因（包括说明书等）,怀疑产品质量情况，固定夹使用的金属材质易磨损，无法长期使用
产品原因（包括说明书等）,注射器位置传感器接头松动，接触不良导致，应有固定措施，如打胶
产品原因（包括说明书等）,卡夹材质太软导致破裂。
产品原因（包括说明书等）,可能是内部传感器失效，无法感知注射泵推杆。
无法确定,
产品原因（包括说明书等）,初步判断为材质硬度不够，导致卡夹破裂。
无法确定,
无法确定,
产品原因（包括说明书等）,卡夹材质太软导致卡夹破裂。
产品原因（包括说明书等）,材质不合格。
产品原因（包括说明书等）,经医学装备部维修人员维修判断，为推杆炸裂，造成输液推注无法完成
产品原因（包括说明书等）,该推杆夹为塑料制品，长期使用，老化断裂。
产品原因（包括说明书等）,
产品原因（包括说明书等）,
无法确定,离合器阻力变大
无法确定,滴速不准
产品原因（包括说明书等）,系统故障。
产品原因（包括说明书等）,
产品原因（包括说明书等）,注射泵停止工作，报警器响。经查看，为机械卡塞造成注射泵停止工作
无法确定,
产品原因（包括说明书等）,
产品原因（包括说明书等）,
产品原因（包括说明书等）,机械故障
产品原因（包括说明书等）,可能为注射泵报警器坏或是注射完毕限位开关失灵
产品原因（包括说明书等）,
操作原因,注射器安装问题
产品原因（包括说明书等）,经维修人员现场维修发现注射泵拉杆损坏
产品原因（包括说明书等）,器械科工程师将机器内部排线重新插拔之后，恢复正常，目前机器可正常使用，怀疑排线过短接触不良导致。
产品原因（包括说明书等）,设备故障
无法确定,电源板故障？
产品原因（包括说明书等）,
产品原因（包括说明书等）,微泵夹注射器尾部处破裂，是弹簧复位，传感器接受信号后，停止输注
产品原因（包括说明书等）,注射泵注射器夹头松动
产品原因（包括说明书等）,经检查是传感器脏，及时清理。
产品原因（包括说明书等）,
产品原因（包括说明书等）,
产品原因（包括说明书等）,注射器夹断裂，无法固定注射器
产品原因（包括说明书等）,工程师取回设备后，发现一通道注射器推杆夹断裂 ，现只能单独使用第二通道进行注射作业，由于该配件塑料材质较薄，在跌落情况下比较容易折断，建议加固或做好相关防护设计，已联系厂家购买相关配件。
产品原因（包括说明书等）,
无法确定,针筒固定夹断裂
产品原因（包括说明书等）,泵夹为塑料材质，长期受力导致其断裂。
产品原因（包括说明书等）,注射器滑道阻塞
无法确定,
产品原因（包括说明书等）,
无法确定,注射泵推头的夹子断了
产品原因（包括说明书等）,注射泵尾夹断裂
产品原因（包括说明书等）,多考虑产品质量问题
产品原因（包括说明书等）,注射泵送于相关部门后发现传感器故障致使液体不能顺利泵入体内，影响治疗效果。
产品原因（包括说明书等）,
产品原因（包括说明书等）,初步分析零件故障
产品原因（包括说明书等）,可能为产品本身机械零件问题或软件bug
无法确定,操作不当？
产品原因（包括说明书等）,初步判断材质问题
产品原因（包括说明书等）,
产品原因（包括说明书等）,注射泵故障。
产品原因（包括说明书等）,
产品原因（包括说明书等）,科室在使用时设备报离合未闭
产品原因（包括说明书等）,科室在使用时发现注射器夹断裂
产品原因（包括说明书等）,设备只有在“简易模式”的情况下，输出的药量是正常的，经查阅资料，发现是注射器识别板故障。
产品原因（包括说明书等）,手柄周围塑料部件因老化原因断裂。
"产品原因（包括说明书等）,操作原因",电池模块损坏
无法确定,
无法确定,接到报修后亲自开机观察，无交流显示。交流部分出故障，机器一直用的是直流电源，电池快耗尽，所以显示电压低，机器无法工作。
产品原因（包括说明书等）,产品质量问题
"操作原因,产品原因（包括说明书等）",由于操作时将液体流入设备内，导致电路板有故障
产品原因（包括说明书等）,
无法确定,电源板板基虚焊造成的接触不良
"产品原因（包括说明书等）,操作原因",注射器固定夹断裂。
产品原因（包括说明书等）,
产品原因（包括说明书等）,卡子坏
产品原因（包括说明书等）,机器注射夹断裂导致无法固定注射器。
无法确定,固定夹老化、易损
无法确定,检查发现注射泵注射器卡子松动，设备无法识别注射器。
产品原因（包括说明书等）,设备故障
"产品原因（包括说明书等）,操作原因",注射器夹断裂，无法固定注射器
产品原因（包括说明书等）,传感器松动
"产品原因（包括说明书等）,操作原因",产品设计并不符合现在的输液支架，事情发生与输液泵并无直接关系，是应为输液支架经常被输液泵固定夹固定导致输液支架变形，所以固定不牢固导致的。
"产品原因（包括说明书等）,操作原因",注射泵没有防水功能，护士在使用时误将生理盐水撒至设备表面后，液体进入器械内部结晶，导致流量不准确。
产品原因（包括说明书等）,泵夹材质不良导致泵夹断裂。
产品原因（包括说明书等）,
"操作原因,无法确定",机器受撞击或者摔到地上导致固定卡损坏。
产品原因（包括说明书等）,双道注射泵A通道报警：异常2
产品原因（包括说明书等）,主板系统故障
"产品原因（包括说明书等）,无法确定",长期使用设备老化导致
产品原因（包括说明书等）,注射泵推注杆前端夹子断裂。
产品原因（包括说明书等）,分析产品质量问题.设备用一年多，厂家说喇叭寿命耗尽
无法确定,
无法确定,
无法确定,
产品原因（包括说明书等）,
操作原因,设置错误
产品原因（包括说明书等）,产品老化
产品原因（包括说明书等）,原因不明
产品原因（包括说明书等）,经与厂家协商，乃机器本身电位器故障
产品原因（包括说明书等）,压杆于注射器连接不紧
产品原因（包括说明书等）,注射泵注射器夹故障。
产品原因（包括说明书等）,报错.错误2.厂家联系压力传感器错误.返厂维修
产品原因（包括说明书等）,注射泵内置电池故障
产品原因（包括说明书等）,
操作原因,机器被摔造成推杆断，内外壳破裂
产品原因（包括说明书等）,机器故障
产品原因（包括说明书等）,固定架弹簧断裂性故障
产品原因（包括说明书等）,1到达现场测试设备发现设备A道没有报警功能 2带回办公室维修打开设备内部从新拔插主板连接线 3从新测试反复测试各项报警都能正常出现 3问题排除安装好设备送回科室
"产品原因（包括说明书等）,操作原因",疑似磕碰
产品原因（包括说明书等）,传感器损坏
"无法确定,产品原因（包括说明书等）",仪器内的感应器有问题。
产品原因（包括说明书等）,
产品原因（包括说明书等）,短杆外壳破裂
无法确定,使用频繁
产品原因（包括说明书等）,推杆坏
无法确定,接到这个设备时，先对其进行了故障的初步判断，观察到是由于外力导致使其外科、压柄损坏，
产品原因（包括说明书等）,检修发现确实注射泵1.4通道存在误差
"产品原因（包括说明书等）,操作原因,无法确定",
无法确定,事故原因无法确定。
无法确定,事故原因无法确定。
产品原因（包括说明书等）,微量泵故障
无法确定,换其他微泵治疗，此事发现及时未造成后果。2020年12月14日护士为病人进行微泵泵入治疗，1小时后巡视微泵输液情况，发现液体仍然为起始量，未注入，未报警，显示残余堵塞。即停止使用，更
无法确定,2020年12月13日12：44时患者血糖明显增高，予加用普通胰岛素微量泵入降糖治疗，运行20分钟后测患者血糖不降反升，查看注射器内药物未见明显减少，予更换微量泵后运行正常，微量泵运行故障
产品原因（包括说明书等）,机器正常故障
产品原因（包括说明书等）,设备异常
产品原因（包括说明书等）,输液泵精密度不准确，未能在规定时间内泵注完药液。
产品原因（包括说明书等）,报警异常
产品原因（包括说明书等）,无法运行
产品原因（包括说明书等）,设备老化，故障
产品原因（包括说明书等）,推杆损坏
产品原因（包括说明书等）,
产品原因（包括说明书等）,产品质量问题，设计缺陷
操作原因,用力过大，按坏固定夹
产品原因（包括说明书等）,可能护士使用时用力过大。也可能产品本身质量原因
产品原因（包括说明书等）,设备故障
产品原因（包括说明书等）,注射泵滑脱不能使用
产品原因（包括说明书等）,患者于2020年11月30日因车祸伤术后转入ICU，遵医嘱给予舒芬太尼组液以5ml/h泵入，注射泵持续工作泵两小时后，突然自行停止，持续报警未接交流电，已及时更换注射泵并上报维修，未给患者造成影响。
产品原因（包括说明书等）,可能扬声器故障
产品原因（包括说明书等）,
产品原因（包括说明书等）,初步诊断报警复位开关故障
产品原因（包括说明书等）,无法充电
无法确定,
产品原因（包括说明书等）,设备故障
产品原因（包括说明书等）,患者血压不稳定需用升压药控制血压，需用注射泵控制流速，操作微量泵时发生微量泵报“系统故障”，及时更换其他微量泵使用，未给患者造成影响。
产品原因（包括说明书等）,
无法确定,可能设备老化或者操作不当引起断裂
产品原因（包括说明书等）,电源充电电路故障
产品原因（包括说明书等）,长期使用，推杆手柄夹子老化，另外，夹子未塑料制品，易碎。属于，塑料夹子制造批次。
无法确定,
产品原因（包括说明书等）,产品故障
无法确定,
产品原因（包括说明书等）,
产品原因（包括说明书等）,
产品原因（包括说明书等）,"泵电机故障
机器内部位置电位器故障"
产品原因（包括说明书等）,注射器卡口按钮损坏
产品原因（包括说明书等）,错误报警
产品原因（包括说明书等）,
"无法确定,产品原因（包括说明书等）",可能由于设备接触不良或其他原因。
无法确定,可能碰撞导致，也可能尾夹塑料老化导致断裂
"无法确定,产品原因（包括说明书等）",设备故障
无法确定,
产品原因（包括说明书等）,微量泵捏柄老化，导致捏柄断裂，不能自由分合，致使微量泵的拉杆无法伸缩，机器无法工作
"产品原因（包括说明书等）,操作原因,无法确定",准备进行定点药物治疗前发现威高注射泵不能使用，仪器开机后报“仪器故障”。立即跟换微量泵。
产品原因（包括说明书等）,微量泵B通道无法工作。
产品原因（包括说明书等）,微量泵损坏
产品原因（包括说明书等）,推杆坏
产品原因（包括说明书等）,压力传感器故障
产品原因（包括说明书等）,按键失灵
产品原因（包括说明书等）,质量原因
产品原因（包括说明书等）,
产品原因（包括说明书等）,
产品原因（包括说明书等）,
产品原因（包括说明书等）,产品质量问题
无法确定,可能是泵的马达的问题
无法确定,推头故障
产品原因（包括说明书等）,传感器故障。
无法确定,长期使用导致设备老化
产品原因（包括说明书等）,注射泵夹子塑料太薄设计原因
产品原因（包括说明书等）,夹子塑料太薄老化
产品原因（包括说明书等）,
产品原因（包括说明书等）,输液器固定夹断裂。
无法确定,康德莱注射器为防止针管根部断裂，加粗了根部的厚度，导致注射泵无法识别注射器规格，因其他注射泵均能识别注射器规格，所以注射泵设计存在相关问题。
产品原因（包括说明书等）,怀疑设备系统故障或主板故障，发厂家维修
产品原因（包括说明书等）,注射泵拉杆夹子根部是塑料的，老化损坏
无法确定,
产品原因（包括说明书等）,电源线损坏
产品原因（包括说明书等）,经过询问，得知操作护士并未存在过度用力现象，常规操作的情况下该部位不应该有断裂，建议生产厂家对该部位进行加固，或者更换材料加以改进，目前该泵已更换配件维修好，可正常使用。
产品原因（包括说明书等）,
产品原因（包括说明书等）,
产品原因（包括说明书等）,
产品原因（包括说明书等）,
产品原因（包括说明书等）,
产品原因（包括说明书等）,工程师到场检修发现注射条件可，判断为系统误报警。调试后无法解除故障。
产品原因（包括说明书等）,
产品原因（包括说明书等）,正常开机，正常使用中，突然报警，显示堵塞，立即联系维修
产品原因（包括说明书等）,使用过程中突然报警，显示堵塞，立即联系维修，更换输液泵继续为患者治疗
产品原因（包括说明书等）,正常开机的情况下，控制板按键不能用，因此更换注射泵，并立即联系维修
产品原因（包括说明书等）,输液泵剂量校准故障
产品原因（包括说明书等）,产品质量问题
产品原因（包括说明书等）,产品泵入问题，影响患者治疗
无法确定,联系厂家可能是内部电路板问题，拆机发现电路板潮湿，可能是医护人员操作时不小心将液体洒在机器内部导致故障
产品原因（包括说明书等）,参数设置问题
产品原因（包括说明书等）,产品材质问题
无法确定,
无法确定,
产品原因（包括说明书等）,
产品原因（包括说明书等）,
产品原因（包括说明书等）,材质问题或设计缺陷
产品原因（包括说明书等）,设备材质问题或设计缺陷
产品原因（包括说明书等）,
产品原因（包括说明书等）,2020年11月3日患者肺癌术后，为给患者补钾使用注射泵，使用时发现注射泵无法充电，随后立即更换注射泵，联系设备处维修，上报不良事件。
产品原因（包括说明书等）,夹子断裂
产品原因（包括说明书等）,夹子断裂
产品原因（包括说明书等）,夹子断裂
操作原因,设备碰撞，损坏压柄
无法确定,
产品原因（包括说明书等）,该设备2020年1月采购，使用半年多，报系统故障，考虑产品质量问题
无法确定,
产品原因（包括说明书等）,质量问题
产品原因（包括说明书等）,设备故障
产品原因（包括说明书等）,返回按键失灵
产品原因（包括说明书等）,
产品原因（包括说明书等）,
产品原因（包括说明书等）,夹子断裂
产品原因（包括说明书等）,注射泵推注杆的夹子松动
产品原因（包括说明书等）,推进杆扳手断了，发现材质为塑料，多次使用后容易断裂，类似的机器已发生多次，系产品本身问题，建议改进。
"产品原因（包括说明书等）,操作原因",外力导致固定夹损坏。
操作原因,操作原因，科室未进行设备的日常性能检查，，导致设备已出现故障未及时进行维修。
无法确定,
产品原因（包括说明书等）,卡子强度不足，易坏。
无法确定,无法确定
产品原因（包括说明书等）,开机不工作，报警
产品原因（包括说明书等）,背光屏坏
产品原因（包括说明书等）,拉杆故障
无法确定,和设备使用期限有关
产品原因（包括说明书等）,时间重置 影响使用
无法确定,尾夹断裂导致推杆无法拔出
产品原因（包括说明书等）,助推器固定夹破裂损坏。
产品原因（包括说明书等）,注射泵无法推注液体，因为推注器固定支架松动。
无法确定,使用频繁、老化。
产品原因（包括说明书等）,固定注射器推杆的夹子断裂，机器无法工作
无法确定,
无法确定,
产品原因（包括说明书等）,
产品原因（包括说明书等）,电源线短路，电源线老化。
产品原因（包括说明书等）,注射泵选择后无匹配
"操作原因,产品原因（包括说明书等）",产品工艺问题；使用问题
无法确定,注射泵内部排线脱落
无法确定,
产品原因（包括说明书等）,设计缺陷导致容易出现碰撞，发生该类故障
产品原因（包括说明书等）,
产品原因（包括说明书等）,限位开关脱落
产品原因（包括说明书等）,
无法确定,
产品原因（包括说明书等）,注射泵故障
产品原因（包括说明书等）,
无法确定,
产品原因（包括说明书等）,设备参数问题
产品原因（包括说明书等）,
产品原因（包括说明书等）,
产品原因（包括说明书等）,注射泵拉杆拉不动
产品原因（包括说明书等）,
产品原因（包括说明书等）,"2020年4月18日，护理在使用威高注射泵产品，发现注射泵夹子断裂无法固定注射器,未对患者使用没产生伤害，经设备科拆开发现夹子连接处窄小，使夹子强度不够，特别容易损坏。"
"产品原因（包括说明书等）,操作原因",输液夹断裂，不排除外力碰撞导致。
无法确定,
"产品原因（包括说明书等）,操作原因",1、注射泵故障错误识别注射器规格。2、操作规程要求使用前核对注射器是否识别正确，若护士不能及时发现，存在很大安全隐患。
产品原因（包括说明书等）,注射泵电池充不上电
无法确定,限位开关未弹起
产品原因（包括说明书等）,经过咨询厂家工程师，得知该报错是由于通讯模块故障导致，等待发回厂家维修。
无法确定,拆机检测为线路板故障。
产品原因（包括说明书等）,注射泵自动停止注射，工程师检修后怀疑为注射泵控制系统故障。
产品原因（包括说明书等）,遵医嘱为患者进行治疗，使用注射泵的过程中出现屏幕闪烁。立即更换注射泵为患者继续治疗。
无法确定,开机后报警异常5，注射推杆压力控制器故障
无法确定,开机后报警异常2，电机推动螺杆位置传感器线路脱落
产品原因（包括说明书等）,检修发现此注射泵电池仓内无电池，与厂家沟通发现是出厂将电池漏装
产品原因（包括说明书等）,报警系统异常
产品原因（包括说明书等）,可能是注射泵卡槽设置问题
产品原因（包括说明书等）,显示屏质量问题
操作原因,人员误操作
产品原因（包括说明书等）,塑料手柄老化
无法确定,机械故障？
产品原因（包括说明书等）,注射泵充电后仍显示电量为零
产品原因（包括说明书等）,使用过程中，注射泵报警
产品原因（包括说明书等）,系统问题。
产品原因（包括说明书等）,
产品原因（包括说明书等）,微量泵使用过程中，在固定杆上无法固定，容易下滑，微量泵背部固定装置滑丝，无法紧固
产品原因（包括说明书等）,
产品原因（包括说明书等）,传感器故障。
产品原因（包括说明书等）,
产品原因（包括说明书等）,
产品原因（包括说明书等）,注射泵压柄故障
产品原因（包括说明书等）,产品故障问题
产品原因（包括说明书等）,机械工作能力损耗
产品原因（包括说明书等）,注射泵卡扣无法完全闭合，设备科人员拆卸后发现，卡扣及内部齿轮均为注塑材质，本身误差较大，容易产生彼此之间的阻碍。
产品原因（包括说明书等）,拉杆损坏，机械故障
无法确定,注射泵不明原因尾夹开裂，导致仪器无法正常工作
无法确定,产品原因
无法确定,电源板损坏？
产品原因（包括说明书等）,
产品原因（包括说明书等）,固定器材料偏软，使用一段时间后出现滑扣现象。
产品原因（包括说明书等）,
无法确定,
操作原因,
产品原因（包括说明书等）,注射器把手塑料老化
操作原因,
产品原因（包括说明书等）,经检查为注射泵限位器故障
产品原因（包括说明书等）,尾夹传感器损坏
产品原因（包括说明书等）,注射泵因使用过于频繁  ，电池储存电量能力不足
无法确定,注射完药物，设备未发出报警声提示，经检修是喇叭故障。
无法确定,初步判断为设备内部故障所致。
产品原因（包括说明书等）,1  设备时钟故障     2   也可能是主板电池电压不足引起
产品原因（包括说明书等）,出现该故障初步判断为内部阻塞传感器故障造成。医务人员按操作规程操作保养该设备，该设备仅仅使用两年出现此故障，考虑传感器质量问题。
产品原因（包括说明书等）,
产品原因（包括说明书等）,该设备于2019年2月购置使用，该故障的出现系注射器顶紧传感器故障造成，考虑顶紧传感器质量问题
无法确定,注射泵线路板故障
无法确定,厂家工程师已进行调试，但该故障仍多次出现，排除操作原因，多考虑设备质量内部故障
产品原因（包括说明书等）,1   产品质量不达标                2    推动杆塑料层选材不适当
产品原因（包括说明书等）,1   产品质量不达标                2    推动杆塑料层选材不适当
无法确定,注射器卡槽夹子断裂，初步分析长期液体滴漏至卡槽连接处易造成堵塞致夹子断裂。
产品原因（包括说明书等）,1   产品质量不达标                2    推动杆塑料层选材不适当
产品原因（包括说明书等）,1   产品质量不达标                2    推动杆塑料层选材不适当
"操作原因,产品原因（包括说明书等）,无法确定",未按时定期检查维护，造成输液中断，影响治疗。
"无法确定,产品原因（包括说明书等）",拉杆推杆固定夹断了
产品原因（包括说明书等）,1   产品质量不达标                2    推动杆塑料层选材不适当
无法确定,设备故障
产品原因（包括说明书等）,蜂鸣器损坏
产品原因（包括说明书等）,
产品原因（包括说明书等）,
产品原因（包括说明书等）,1   设备发生故障        2   主板电池电量不足
操作原因,数据线脱落
无法确定,设备报修，检查发现微量泵注射杆有裂缝，导致活动杆膨胀无法正常进出，注射杆外杆损坏
产品原因（包括说明书等）,
产品原因（包括说明书等）,
产品原因（包括说明书等）,设备故障
产品原因（包括说明书等）,
无法确定,
产品原因（包括说明书等）,机壳内电路板老化松动
产品原因（包括说明书等）,工程师现场检查发现由于设计缺陷导致电源板与主板接触不良打火烧蚀，导致此故障，此前有同型号机器发生过同样故障。
产品原因（包括说明书等）,此设备注速过快
产品原因（包括说明书等）,内部排线脱落
产品原因（包括说明书等）,在使用过程中拉杆开裂，导致A通道无法使用
产品原因（包括说明书等）,注射泵的卡注射器的拉杆坏，拉杆直接开裂
产品原因（包括说明书等）,注射泵系统故障。
产品原因（包括说明书等）,注射泵时间长，过程中报警
产品原因（包括说明书等）,由于使用时间较长，注射泵传感器出现故障
产品原因（包括说明书等）,经检测发现注射器推动组件末端传感器挡片断裂导致。
产品原因（包括说明书等）,产品质量问题
无法确定,
无法确定,
无法确定,可能液体粘稠度或者传动齿轮老化导致
产品原因（包括说明书等）,设备自身问题。
无法确定,系统未能识别注射
产品原因（包括说明书等）,
产品原因（包括说明书等）,系统程序故障
操作原因,
无法确定,可能使用者撞击导致，也可能材质过薄或者自然老化
产品原因（包括说明书等）,注射泵卡口损坏
产品原因（包括说明书等）,
产品原因（包括说明书等）,产品质量问题
产品原因（包括说明书等）,未接通交流电或仪器电压板故障。
无法确定,设备电源出故障
产品原因（包括说明书等）,注射泵电源损坏
产品原因（包括说明书等）,
无法确定,接到这个设备时，先对其进行了故障的初步判断，观察到是由于外力导致使其外科、压柄损坏，
操作原因,电源线老化
无法确定,工程师到现场后发现是零部件损坏，需要更换，联系厂家更换后正常。
产品原因（包括说明书等）,尾推杆材质太薄，容易断裂
产品原因（包括说明书等）,
无法确定,
产品原因（包括说明书等）,
无法确定,
产品原因（包括说明书等）,
产品原因（包括说明书等）,注射泵故障。
产品原因（包括说明书等）,报警喇叭损坏
